Name,Screen_Name,Constituency
Aaron Bell,@AaronBell4NUL,Newcastle-under-Lyme
Abena Oppong-Asare,@abenaopp,Erith and Thamesmead
Adam Afriyie,@AdamAfriyie,Windsor
Afzal Khan,@Afzal4Gorton,"Manchester, Gorton"
Alan Brown,@AlanBrownSNP,Kilmarnock and Loudoun
Alan Campbell,@alancampbellmp,Tynemouth
Alan Mak,@AlanMakHavant,Havant
Alberto Costa,@AlbertoCostaMP,South Leicestershire
Alec Shelbrooke,@AlecShelbrooke,Elmet and Rothwell
Alex Burghart,@alexburghart,Brentwood and Ongar
Alex Chalk,@AlexChalkChelt,Cheltenham
Alex Cunningham,@ACunninghamMP,Stockton North
Alex Davies-Jones,@AlexDaviesJones,Pontypridd
Alex Norris,@AlexNorrisNN,Nottingham North
Alex Sobel,@alexsobel,Leeds North West
Alexander Stafford,@Alex_Stafford,Rother Valley
Alicia Kearns,@aliciakearns,Rutland and Melton
Alison McGovern,@Alison_McGovern,Wirral South
Alison Thewliss,@alisonthewliss,Glasgow Central
Alistair Carmichael,@amcarmichaelMP,Orkney and Shetland
Allan Dorans,@allandoransMP,"Ayr, Carrick and Cumnock"
Alok Sharma,@AlokSharma_RDG,Reading West
Alun Cairns,@AlunCairns,Vale of Glamorgan
Alyn Smith,@AlynSmith,Stirling
Amanda Milling,@amandamilling,Cannock Chase
Amanda Solloway,@ASollowayUK,Derby North
Amy Callaghan,@AmyCallaghanSNP,East Dunbartonshire
Andrea Jenkyns,@andreajenkyns,Morley and Outwood
Andrea Leadsom,@andrealeadsom,South Northamptonshire
Andrew Bowie,@AndrewBowie_MP,West Aberdeenshire and Kincardine
Andrew Bridgen,@ABridgen,North West Leicestershire
Andrew Griffith,@griffitha,Arundel and South Downs
Andrew Gwynne,@GwynneMP,Denton and Reddish
Andrew Jones,@AJonesMP,Harrogate and Knaresborough
Andrew Lewer,@ALewerMBE,Northampton South
Andrew Rosindell,@AndrewRosindell,Romford
Andrew Selous,@AndrewSelous,South West Bedfordshire
Andrew Stephenson,@Andrew4Pendle,Pendle
Andy Carter,@MrAndy_Carter,Warrington South
Andy McDonald,@AndyMcDonaldMP,Middlesbrough
Andy Slaughter,@hammersmithandy,Hammersmith
Angela Crawley,@AngelaCrawley30,Lanark and Hamilton East
Angela Eagle,@angelaeagle,Wallasey
Angela Rayner,@AngelaRayner,Ashton-under-Lyne
Angela Richardson,@AJRichardsonMP,Guildford
Angus MacNeil,@AngusMacNeilSNP,Na h-Eileanan an Iar
Anna McMorrin,@AnnaMcMorrin,Cardiff North
Anne Marie Morris,@AnneMarieMorris,Newton Abbot
Anne McLaughlin,@AnneMcLaughlin,Glasgow North East
Anne-Marie Trevelyan,@annietrev,Berwick-upon-Tweed
Anneliese Dodds,@AnnelieseDodds,Oxford East
Anthony Browne,@AnthonyBrowneMP,South Cambridgeshire
Anthony Mangnall,@AnthonyMangnal1,Totnes
Antony Higginbotham,@antony_hig,Burnley
Apsana Begum,@ApsanaBegumMP,Poplar and Limehouse
Bambos Charalambous,@BambosMP,"Enfield, Southgate"
Barbara Keeley,@KeeleyMP,Worsley and Eccles South
Barry Gardiner,@BarryGardiner,Brent North
Barry Sheerman,@BarrySheerman,Huddersfield
Bell Ribeiro-Addy,@BellRibeiroAddy,Streatham
Ben Bradley,@BBradley_Mans,Mansfield
Ben Bradshaw,@BenPBradshaw,Exeter
Ben Everitt,@Ben_Everitt,Milton Keynes North
Ben Lake,@BenMLake,Ceredigion
Ben Spencer,@DrBenSpencer,Runnymede and Weybridge
Ben Wallace,@BWallaceMP,Wyre and Preston North
Bernard Jenkin,@bernardjenkin,Harwich and North Essex
Beth Winter,@BethWinterMP,Cynon Valley
Bill Esterson,@Bill_Esterson,Sefton Central
Bim Afolami,@BimAfolami,Hitchin and Harpenden
Bob Blackman,@BobBlackman,Harrow East
Bob Seely,@IoWBobSeely,Isle of Wight
Boris Johnson,@BorisJohnson,Uxbridge and South Ruislip
Brandon Lewis,@BrandonLewis,Great Yarmouth
Brendan Clarke-Smith,@Bren4Bassetlaw,Bassetlaw
Brendan O'Hara,@BrendanOHaraMP,Argyll and Bute
Bridget Phillipson,@bphillipsonMP,Houghton and Sunderland South
Carla Lockhart,@carlalockhart,Upper Bann
Carol Monaghan,@CMonaghanSNP,Glasgow North West
Caroline Ansell,@Caroline_Ansell,Eastbourne
Caroline Dinenage,@cj_dinenage,Gosport
Caroline Lucas,@CarolineLucas,"Brighton, Pavilion"
Caroline Nokes,@carolinenokes,Romsey and Southampton North
Carolyn Harris,@carolynharris24,Swansea East
Cat Smith,@CatSmithMP,Lancaster and Fleetwood
Catherine McKinnell,@CatMcKinnell,Newcastle upon Tyne North
Catherine West,@CatherineWest1,Hornsey and Wood Green
Charles Walker,@CharlesWalkerMP,Broxbourne
Charlotte Nichols,@charlotte2153,Warrington North
Cherilyn Mackrory,@thisischerilyn,Truro and Falmouth
Cheryl Gillan,@CherylGillan,Chesham and Amersham
Chi Onwurah,@ChiOnwurah,Newcastle upon Tyne Central
Chloe Smith,@NorwichChloe,Norwich North
Chris Bryant,@RhonddaBryant,Rhondda
Chris Clarkson,@ChrisClarksonMP,Heywood and Middleton
Chris Elmore,@CPJElmore,Ogmore
Chris Evans,@Chris_EvansMP,Islwyn
Chris Green,@CGreenUK,Bolton West
Chris Heaton-Harris,@chhcalling,Daventry
Chris Law,@ChrisLawSNP,Dundee West
Chris Loder,@chrisloder,West Dorset
Chris Philp,@CPhilpOfficial,Croydon South
Chris Skidmore,@CSkidmoreUK,Kingswood
Chris Stephens,@ChrisStephens,Glasgow South West
#Christian Matheson,@ChrisM4Chester,City of Chester
Christian Wakeford,@CllrCWakeford,Bury South
#Christina Rees,@Rees4Neath,Neath
Christine Jardine,@cajardineMP,Edinburgh West
Christopher Hazzard,@ChrisHazzardSF,South Down
#Christopher Pincher,@ChrisPincher,Tamworth
Claire Hanna,@ClaireHanna,Belfast South
Claudia Webbe,@ClaudiaWebbe,Leicester East
Clive Efford,@CliveEfford,Eltham
Clive Lewis,@labourlewis,Norwich South
Colum Eastwood,@columeastwood,Foyle
Conor Burns,@ConorBurnsUK,Bournemouth West
Conor McGinn,@ConorMcGinn,St Helens North
Craig Mackinlay,@cmackinlay,South Thanet
Craig Tracey,@craig4nwarks,North Warwickshire
Craig Whittaker,@CWhittaker_MP,Calder Valley
Craig Williams,@craig4monty,Montgomeryshire
Crispin Blunt,@CrispinBlunt,Reigate
Daisy Cooper,@libdemdaisy,St Albans
Damian Collins,@DamianCollins,Folkestone and Hythe
Damian Green,@DamianGreen,Ashford
Damian Hinds,@DamianHinds,East Hampshire
#Damien Moore,@Moore4Southport,Southport
Dan Carden,@DanCardenMP,"Liverpool, Walton"
Dan Jarvis,@DanJarvisMP,Barnsley Central
Daniel Kawczynski,@OfKawczynski,Shrewsbury and Atcham
Daniel Zeichner,@DanielZeichner,Cambridge
Danny Kruger,@danny__kruger,Devizes
Darren George Henry,@DarrenG_Henry,Broxtowe
Darren Jones,@darrenpjones,Bristol North West
Dave Doogan,@DaveDooganSNP,Angus
David Amess,@amessd_southend,Southend West
David Davis,@DavidDavisMP,Haltemprice and Howden
David Duguid,@david_duguid,Banff and Buchan
David Evennett,@DavidEvennettMP,Bexleyheath and Crayford
David Johnston,@david4wantage,Wantage
David Jones,@DavidJonesMP,Clwyd West
David Lammy,@DavidLammy,Tottenham
David Linden,@DavidLinden,Glasgow East
David Morris,@davidmorrisml,Morecambe and Lunesdale
David Mundell,@DavidMundellDCT,"Dumfriesshire, Clydesdale and Tweeddale"
David Rutley,@DavidRutley,Macclesfield
David Simmonds,@DSimmonds_RNP,"Ruislip, Northwood and Pinner"
David T. C. Davies,@DavidTCDavies,Monmouth
#David Warburton,@DJWarburton,Somerton and Frome
Dawn Butler,@DawnButlerBrent,Brent Central
Dean Russell,@dean4watford,Watford
Debbie Abrahams,@Debbie_abrahams,Oldham East and Saddleworth
Dehenna Davison,@DehennaDavison,Bishop Auckland
Deidre Brock,@DeidreBrock,Edinburgh North and Leith
#Derek Thomas,@DerekThomasUK,St Ives
#Derek Twigg,@DerekTwiggMP,Halton
Desmond Swayne,@DesmondSwayne,New Forest West
Diana Johnson,@DianaJohnsonMP,Kingston upon Hull North
Diane Abbott,@HackneyAbbott,Hackney North and Stoke Newington
Dominic Raab,@DominicRaab,Esher and Walton
Douglas Chapman,@DougChapmanSNP,Dunfermline and West Fife
Douglas Ross,@Douglas4Moray,Moray
Dr Alan Whitehead,@alanwhiteheadmp,"Southampton, Test"
Dr Andrew Murrison,@AWMurrison,South West Wiltshire
Dr Caroline Johnson,@drcarolinej,Sleaford and North Hykeham
Dr Liam Fox,@LiamFox,North Somerset
Dr Philippa Whitford,@Dr_PhilippaW,Central Ayrshire
Dr Rosena Allin-Khan,@DrRosena,Tooting
Dr Rupa Huq,@RupaHuq,Ealing Central and Acton
Dr Thérèse Coffey,@theresecoffey,Suffolk Coastal
Drew Hendry,@drewhendrySNP,"Inverness, Nairn, Badenoch and Strathspey"
Duncan Charles Baker,@duncancbaker,North Norfolk
Eddie Hughes,@EddieHughes4WN,Walsall North
Edward Davey,@EdwardJDavey,Kingston and Surbiton
Edward Leigh,@EdwardLeighMP,Gainsborough
Edward Miliband,@Ed_Miliband,Doncaster North
Edward Timpson,@edwardtimpson,Eddisbury
Eleanor Laing,@eleanor4epping,Epping Forest
Elizabeth Truss,@trussliz,South West Norfolk
Ellie Reeves,@elliereeves,Lewisham West and Penge
Elliot Colburn,@ElliotColburn,Carshalton and Wallington
Emily Thornberry,@EmilyThornberry,Islington South and Finsbury
#Emma Hardy,@EmmaHardyMP,Kingston upon Hull West and Hessle
Emma Lewell-Buck,@EmmaLewellBuck,South Shields
Esther McVey,@EstherMcVey1,Tatton
Fabian Hamilton,@FabianLeedsNE,Leeds North East
Fay Alicia Jones,@JonesyFay,Brecon and Radnorshire
Felicity Buchan,@FelicityBuchan,Kensington
Feryal Clark,@FeryalClark,Enfield North
Fleur Anderson,@PutneyFleur,Putney
#Flick Drummond,@flickd,Portsmouth South
Florence Eshalomi,@FloEshalomi,Vauxhall
Francie Molloy,@FrancieMolloy,Mid Ulster
Gagan Mohindra,@gaganmohindra,South West Hertfordshire
Gareth Bacon,@GarethBaconMP,Orpington
Gareth Davies,@GarethDavies_MP,Grantham and Stamford
Gareth Thomas,@GarethThomasMP,Harrow West
Gary Sambrook,@GarySambrook89,"Birmingham, Northfield"
Gary Streeter,@garystreeterSWD,South West Devon
Gavin Newlands,@GavNewlandsSNP,Paisley and Renfrewshire North
Gavin Robinson,@GRobinsonDUP,Belfast East
Gavin Williamson,@GavinWilliamson,South Staffordshire
Geoffrey Cox,@Geoffrey_Cox,Torridge and West Devon
George Freeman,@GeorgeFreemanMP,Mid Norfolk
Geraint Davies,@GeraintDaviesMP,Swansea West
Gerald Jones,@GeraldJonesLAB,Merthyr Tydfil and Rhymney
Giles Watling,@GilesWatling,Clacton
Gill Furniss,@GillFurnissMP,"Sheffield, Brightside and Hillsborough"
Gillian Keegan,@GillianKeegan,Chichester
#Graham Brady,@SirGrahamBrady,Altrincham and Sale West
Graham Stuart,@grahamstuart,Beverley and Holderness
Grahame Morris,@grahamemorris,Easington
Grant Shapps,@grantshapps,Welwyn Hatfield
Greg Hands,@GregHands,Chelsea and Fulham
Greg Knight,@GregKnight,East Yorkshire
Greg Smith,@gregsmith_uk,Buckingham
Guy Opperman,@GuyOpperman,Hexham
Hannah Bardell,@HannahB4LiviMP,Livingston
Harriet Harman QC,@HarrietHarman,Camberwell and Peckham
Harriett Baldwin,@hbaldwin,West Worcestershire
Heather Wheeler,@HeatherWheeler,South Derbyshire
Helen Grant,@HelenGrantMP,Maidstone and The Weald
Helen Hayes,@helenhayes_,Dulwich and West Norwood
Helen Whately,@Helen_Whately,Faversham and Mid Kent
Henry Smith,@HenrySmithUK,Crawley
Hilary Benn,@hilarybennmp,Leeds Central
Holly Lynch,@HollyLynch5,Halifax
Huw Merriman,@HuwMerriman,Bexhill and Battle
Hywel Williams,@HywelPlaidCymru,Arfon
Iain Duncan Smith,@MPIainDS,Chingford and Woodford Green
Iain Stewart,@iainastewart,Milton Keynes South
Ian Blackford,@Ianblackford_MP,"Ross, Skye and Lochaber"
Ian Byrne,@IanByrneMP,"Liverpool, West Derby"
Ian Lavery,@IanLaveryMP,Wansbeck
Ian Mearns,@IanMearnsMP,Gateshead
Ian Murray,@IanMurrayMP,Edinburgh South
Imran Hussain,@Imran_HussainMP,Bradford East
Imran Nasir Ahmad Khan,@imranahmadkhan,Wakefield
Jack Dromey,@JackDromeyMP,"Birmingham, Erdington"
#Jack Edgar Brereton,@JackEdgarBreretonMP,Stoke-on-Trent South
Jack Lopresti,@JackLopresti,Filton and Bradley Stoke
Jackie Doyle-Price,@JackieDP,Thurrock
Jacob Rees-Mogg,@Jacob_Rees_Mogg,North East Somerset
Jacob Young,@JacobYoungMP,Redcar
Jake Berry,@JakeBerry,Rossendale and Darwen
James Brokenshire,@JBrokenshire,Old Bexley and Sidcup
James Cartlidge,@jcartlidgemp,South Suffolk
James Cleverly,@JamesCleverly,Braintree
James Daly,@JamesDalyMP,Bury North
James Davies,@JamesDavies,Vale of Clwyd
James Duddridge,@JamesDuddridge,Rochford and Southend East
James Gray,@JGray,North Wiltshire
James Heappey,@JSHeappey,Wells
James Morris,@JamesMorris,Halesowen and Rowley Regis
James Murray,@jamesmurray_ldn,Ealing North
James Sunderland,@JamesSunderl,Bracknell
James Wild,@jamesowild,North West Norfolk
Jamie Hamilton Wallis,@JamieWallisMP,Bridgend
Jamie Stone,@Jamie4North,"Caithness, Sutherland and Easter Ross"
Jane Hunt,@JaneMHunt,Loughborough
Jane Stevenson,@Jane_Stevenson_,Wolverhampton North East
Janet Daby,@JanetDaby,Lewisham East
Jason McCartney,@JasonMcCartney,Colne Valley
Jeff Smith,@JeffSmithetc,"Manchester, Withington"
Jeffrey M. Donaldson,@J_Donaldson_MP,Lagan Valley
Jeremy Corbyn,@jeremycorbyn,Islington North
Jeremy Hunt,@Jeremy_Hunt,South West Surrey
Jerome Mayhew,@JeromeMayhew,Broadland
Jess Phillips,@jessphillips,"Birmingham, Yardley"
Jesse Norman,@Jesse_Norman,Hereford and South Herefordshire
Jessica Morden,@jessicamordenmp,Newport East
Jim McMahon,@JimMcMahon,Oldham West and Royton
Jim Shannon,@JimShannonMP,Strangford
Jo Churchill,@Jochurchill_MP,Bury St Edmunds
Jo Gideon,@jogideon,Stoke-on-Trent Central
Jo Stevens,@JoStevensLabour,Cardiff Central
Joanna Cherry,@joannaccherry,Edinburgh South West
John Cryer,@JohnCryerMP,Leyton and Wanstead
John Finucane,@johnfinucane,Belfast North
John Glen,@JohnGlenUK,Salisbury
John Healey,@JohnHealey_MP,Wentworth and Dearne
John Howell,@JHowellUK,Henley
John Lamont,@John2Win,"Berwickshire, Roxburgh and Selkirk"
John McDonnell,@johnmcdonnellMP,Hayes and Harlington
John Nicolson,@MrJohnNicolson,East Dunbartonshire
John Penrose,@JohnPenroseNews,Weston-super-Mare
John Redwood,@johnredwood,Wokingham
John Spellar,@spellar,Warley
John Stevenson,@John4Carlisle,Carlisle
John Whittingdale,@JWhittingdale,Maldon
Johnny McNally,@JohnMcNallySNP,Falkirk
Johnny Mercer,@JohnnyMercerUK,"Plymouth, Moor View"
Jon Cruddas,@JonCruddas_1,Dagenham and Rainham
Jon Trickett,@jon_trickett,Hemsworth
Jonathan Ashworth,@JonAshworth,Leicester South
Jonathan Djanogly,@JDjanogly,Huntingdon
#Jonathan Edward Gullis,@JEGullis,Stoke-on-Trent North
#Jonathan Edwards,@JonathanPlaid,Carmarthen East and Dinefwr
Jonathan Lord,@JonathanLord,Woking
Jonathan Reynolds,@jreynoldsMP,Stalybridge and Hyde
Joy Morrissey,@joymorrissey,Beaconsfield
Judith Cummins,@JudithCummins,Bradford South
Julian Knight,@julianknight15,Solihull
Julian Smith,@JulianSmithUK,Skipton and Ripon
Julian Sturdy,@JulianSturdy,York Outer
Julie Elliott,@JulieElliottMP,Sunderland Central
Julie Marson,@JulieMarsonMP,Hertford and Stortford
Justin Madders,@justinmadders,Ellesmere Port and Neston
Justin Tomlinson,@JustinTomlinson,North Swindon
Karen Buck,@KarenPBuckMP,Westminster North
Karin Smyth,@karinsmyth,Bristol South
Karl McCartney,@karlmccartney,Lincoln
Karl Turner,@KarlTurnerMP,Kingston upon Hull East
Kate Green,@KateGreenSU,Stretford and Urmston
Kate Hollern,@Kate_HollernMP,Blackburn
Kate Osamor,@KateOsamor,Edmonton
Kate Osborne,@KateOsborneMP,Jarrow
Katherine Fletcher,@K_Fletcher_MP,South Ribble
Keir Starmer,@Keir_Starmer,Holborn and St Pancras
Kelly Tolhurst,@KellyTolhurst,Rochester and Strood
Kemi Badenoch,@KemiBadenoch,Saffron Walden
Kenny MacAskill,@eastlothianmp,East Lothian
Kerry McCarthy,@KerryMP,Bristol East
Kevan Jones,@KevanJonesMP,North Durham
Kevin Brennan,@KevinBrennanMP,Cardiff West
Kevin Foster,@kevin_j_foster,Torbay
Kevin Hollinrake,@kevinhollinrake,Thirsk and Malton
Khalid Mahmood,@khalid4PB,"Birmingham, Perry Barr"
Kieran John Mullan,@KieranMullanUK,Crewe and Nantwich
Kim Johnson,@KimJohnsonMP,"Liverpool, Riverside"
Kirsten Oswald,@kirstenoswald,East Renfrewshire
Kirsty Blackman,@KirstySNP,Aberdeen North
Kit Malthouse,@kitmalthouse,North West Hampshire
Kwasi Kwarteng,@KwasiKwarteng,Spelthorne
Laura Farris,@Laura__Farris,Newbury
Laurence Robertson,@lrobertsonTewks,Tewkesbury
Layla Moran,@LaylaMoran,Oxford West and Abingdon
Lee Anderson,@LeeAndersonMP_,Ashfield
Lee Benjamin Rowley,@Lee4NED,North East Derbyshire
Leo Docherty,@LeoDochertyUK,Aldershot
Lia Nici,@lia_nici,Great Grimsby
Liam Byrne,@liambyrnemp,"Birmingham, Hodge Hill"
Lilian Greenwood,@LilianGreenwood,Nottingham South
Lindsay Hoyle,@LindsayHoyle_MP,Chorley
#Lisa Cameron,@DrLisaCameron,"East Kilbride, Strathaven and Lesmahagow"
Lisa Nandy,@lisanandy,Wigan
Liz Kendall,@leicesterliz,Leicester West
Liz Saville Roberts,@LSRPlaid,Dwyfor Meirionnydd
Liz Twist,@LizTwistMP,Blaydon
Lloyd Russell-Moyle,@lloyd_rm,"Brighton, Kemptown"
Louise Haigh,@LouHaigh,"Sheffield, Heeley"
Lucy Allan,@lucyallan,Telford
Lucy Frazer,@lucyfrazermp,South East Cambridgeshire
Lucy Powell,@LucyMPowell,Manchester Central
Dr Luke Evans,@drlukeevans,Bosworth
Luke Hall,@LukeHall,Thornbury and Yate
Luke Pollard,@LukePollard,"Plymouth, Sutton and Devonport"
Lyn Brown,@lynbrownmp,West Ham
Maggie Throup,@maggie_erewash,Erewash
Marco Longhi,@marcolonghi4dn,Dudley North
Marcus Fysh,@MarcusFysh,Yeovil
Marcus Jones,@Marcus4Nuneaton,Nuneaton
Margaret Ferrier,@MargaretFerrier,Rutherglen and Hamilton West
Margaret Greenwood,@MGreenwoodWW,Wirral West
Margaret Hodge,@margarethodge,Barking
Maria Caulfield,@mariacaulfield,Lewes
Maria Eagle,@meaglemp,Garston and Halewood
Maria Miller,@MariaMillerUK,Basingstoke
Marie Rimmer,@MarieRimmer,St Helens South and Whiston
Marion Fellows,@marionfellows,Motherwell and Wishaw
Mark Eastwood,@mark4dewsbury,Dewsbury
Mark Garnier,@Mark4WyreForest,Wyre Forest
Mark Harper,@Mark_J_Harper,Forest of Dean
Mark Hendrick,@MpHendrick,Preston
Mark Jenkinson,@markjenkinsonmp,Workington
Mark Pawsey,@MarkPawsey,Rugby
Mark Pritchard,@MPritchardUK,The Wrekin
Mark Spencer,@Mark_Spencer,Sherwood
Mark Tami,@MarkTamiMP,Alyn and Deeside
Marsha de Cordova,@MarshadeCordova,Battersea
Martin Docherty-Hughes,@MartinJDocherty,West Dunbartonshire
Martin Vickers,@MartinVickers,Cleethorpes
Martyn Day,@MartynDaySNP,Linlithgow and East Falkirk
Mary Foy,@marykfoy,City of Durham
Mary Glindon,@GlindonMary,North Tyneside
Mary Robinson,@MaryRobinson01,Cheadle
Matt Rodda,@MattRodda,Reading East
Matt Warman,@mattwarman,Boston and Skegness
Matt Western,@MattWestern_,Warwick and Leamington
Matthew Hancock,@MattHancock,West Suffolk
Matthew Offord,@Offord4Hendon,Hendon
Matthew Pennycook,@mtpennycook,Greenwich and Woolwich
Meg Hillier,@Meg_HillierMP,Hackney South and Shoreditch
Mel Stride,@MelJStride,Central Devon
Mhairi Black,@MhairiBlack,Paisley and Renfrewshire South
Michael Ellis,@Michael_Ellis1,Northampton North
Michael Fabricant,@Mike_Fabricant,Lichfield
Michael Gove,@michaelgove,Surrey Heath
Michael Tomlinson,@Michael4MDNP,Mid Dorset and North Poole
Michelle Donelan,@michelledonelan,Chippenham
Michelle Gildernew,@gildernewm,Fermanagh and South Tyrone
Mick Whitley,@MickWhitleyMP,Birkenhead
Mickey Brady,@MickeyBradySF,Newry and Armagh
Mike Amesbury,@MikeAmesburyMP,Weaver Vale
#Mike Hill,@MikeHillMP1,Hartlepool
Mike Kane,@MikeKaneMP,Wythenshawe and Sale East
Mike Wood,@mikejwood,Dudley South
Mims Davies,@mimsdavies,Mid Sussex
Miriam Joy Cates,@miriam_cates,Penistone and Stocksbridge
Mohammad Yasin,@YasinForBedford,Bedford
Munira Wilson,@munirawilson,Twickenham
Nadhim Zahawi,@nadhimzahawi,Stratford-on-Avon
Nadia Whittome,@NadiaWhittomeMP,Nottingham East
Nadine Dorries,@NadineDorries,Mid Bedfordshire
Natalie Elphicke,@NatalieElphicke,Dover
Nav Mishra,@NavPMishra,Stockport
Naz Shah,@NazShahBfd,Bradford West
Neale Hanvey,@JNHanvey,Kirkcaldy and Cowdenbeath
Neil Coyle,@coyleneil,Bermondsey and Old Southwark
Neil Gray,@neilcgray,Airdrie and Shotts
Neil Hudson,@DrNeilHudson,Penrith and The Border
Neil O'Brien,@NeilDotObrien,Harborough
#Neil Parish,@NeilParish10,Tiverton and Honiton
Nia Griffith,@NiaGriffithMP,Llanelli
Nicholas Fletcher,@NickFletcherMP,Don Valley
Nick Gibb,@NickGibbUK,Bognor Regis and Littlehampton
Nick Smith,@BlaenauGwentMP,Blaenau Gwent
Nick Thomas-Symonds,@NickTorfaen,Torfaen
Nickie Aiken,@twocitiesnickie,Cities of London and Westminster
Nicola Faye Richards,@Nicola4WBE,West Bromwich East
Nigel Adams,@nadams,Selby and Ainsty
Nigel Evans,@nigelmp,Ribble Valley
Nigel Huddleston,@HuddlestonNigel,Mid Worcestershire
Nigel Mills,@nigelmills,Amber Valley
Nusrat Ghani,@Nus_Ghani,Wealden
Oliver Dowden,@OliverDowden,Hertsmere
Oliver Heald,@OliverHealdUK,North East Hertfordshire
Olivia Frances Blake,@_OliviaBlake,"Sheffield, Hallam"
Órfhlaith Begley,@OrfhlaithBegley,West Tyrone
Owen Paterson,@OwenPaterson,North Shropshire
Owen Thompson,@OwenThompson,Midlothian
Pat McFadden,@patmcfaddenmp,Wolverhampton South East
Patricia Gibson,@PGibsonSNP,North Ayrshire and Arran
Patrick Grady,@GradySNP,Glasgow North
Paul Blomfield,@PaulBlomfieldMP,Sheffield Central
Paul Bristow,@paulbristow79,Peterborough
Paul Girvan,@PaulGirvanMP,South Antrim
Paul Holmes,@pauljholmes,Eastleigh
Paul Howell,@PaulHowellMP,Sedgefield
Paul Maskey,@PaulMaskeyMP,Belfast West
Paul Maynard,@PaulMaynardUK,Blackpool North and Cleveleys
Paul Scully,@scullyp,Sutton and Cheam
Paula Barker,@PaulaBarkerMP,"Liverpool, Wavertree"
Pauline Latham,@Pauline_Latham,Mid Derbyshire
Penny Mordaunt,@PennyMordaunt,Portsmouth North
Pete Wishart,@PeteWishart,Perth and North Perthshire
Peter Aldous,@peter_aldous,Waveney
Peter Bone,@PeterBoneUK,Wellingborough
Peter Dowd,@Peter_Dowd,Bootle
Peter Gibson,@Gibbo4Darlo,Darlington
Peter Grant,@PeterGrantMP,Glenrothes
Peter Kyle,@peterkyle,Hove
Philip Davies,@PhilipDaviesUK,Shipley
Philip Dunne,@Dunne4Ludlow,Ludlow
Preet Gill,@PreetKGillMP,"Birmingham, Edgbaston"
Priti Patel,@pritipatel,Witham
Rachael Maskell,@RachaelMaskell,York Central
Rachel Hopkins,@rach_hopkins,Luton South
Rachel Maclean,@redditchrachel,Redditch
Rachel Reeves,@RachelReevesMP,Leeds West
Ranil Jayawardena,@ranil,North East Hampshire
Rebecca Harris,@RebeccaHarrisMP,Castle Point
Rebecca Long-Bailey,@RLong_Bailey,Salford and Eccles
Rebecca Pow,@pow_rebecca,Taunton Deane
Rehman Chishti,@Rehman_Chishti,Gillingham and Rainham
Richard Bacon,@richardbaconmp,South Norfolk
Richard Burgon,@RichardBurgon,Leeds East
Richard Gordon Thomson,@RThomsonMP,Gordon
Richard Graham,@RichardGrahamUK,Gloucester
Richard Holden,@RicHolden,North West Durham
Rishi Sunak,@RishiSunak,Richmond (Yorks)
Rob Butler,@RobBAylesbury,Aylesbury
#Rob Roberts,@RobDelyn,Delyn
Robbie Moore,@_RobbieMoore,Keighley
Robert Buckland,@RobertBuckland,South Swindon
Robert Courts,@robertcourts,Witney
Robert Halfon,@halfon4harlowMP,Harlow
Robert Jenrick,@RobertJenrick,Newark
Robert Largan,@robertlargan,High Peak
Robert Neill,@neill_bob,Bromley and Chislehurst
Robert Syms,@RobertSyms,Poole
Robin John Millar,@RobinMillarMP,Aberconwy
Robin Walker,@WalkerWorcester,Worcester
Roger Gale,@SirRogerGale,North Thanet
Ronnie Cowan,@ronniecowan,Inverclyde
#Rosie Cooper,@rosie4westlancs,West Lancashire
Rosie Duffield,@RosieDuffield1,Canterbury
Royston Smith,@Royston_Smith,"Southampton, Itchen"
Rushanara Ali,@rushanaraali,Bethnal Green and Bow
Ruth Cadbury,@RuthCadbury,Brentford and Isleworth
#Ruth Edwards,@Ruth4Rushcliffe,Rushcliffe
Ruth Jones,@RuthNewportWest,Newport West
Sajid Javid,@sajidjavid,Bromsgrove
Sally-Ann Hart,@SallyAnn1066,Hastings and Rye
Sam Tarry,@SamTarry,Ilford South
Sammy Wilson,@eastantrimmp,East Antrim
Saqib Bhatti,@bhatti_saqib,Meriden
Sara Britcliffe,@SarBritcliffeMP,Hyndburn
Sarah Atherton,@SarahAthertonMP,Wrexham
Sarah Champion,@SarahChampionMP,Rotherham
Sarah Dines,@Dines4Dales,Derbyshire Dales
Sarah Jones,@LabourSJ,Croydon Central
Sarah Olney,@sarahjolney1,Richmond Park
Sarah Owen,@SarahOwen_,Luton North
#Scott Lloyd Benton,@SL_Benton,Blackpool South
Scott Mann,@scottmann4NC,North Cornwall
Seema Malhotra,@SeemaMalhotra1,Feltham and Heston
Selaine Saxby,@SelaineSaxby,North Devon
Shabana Mahmood,@ShabanaMahmood,"Birmingham, Ladywood"
Shailesh Vara,@ShaileshVara,North West Cambridgeshire
Sharon Hodgson,@SharonHodgsonMP,Washington and Sunderland West
Shaun Bailey,@ShaunBaileyUK,West Bromwich West
Sheryll Murray,@sheryllmurray,South East Cornwall
Simon Baynes,@baynes_simon,Clwyd South
Simon Clarke,@SimonClarkeMP,Middlesbrough South and East Cleveland
Simon Fell,@simonfell,Barrow and Furness
Simon Hart,@Simonhartmp,Carmarthen West and South Pembrokeshire
Simon Hoare,@Simon4NDorset,North Dorset
Simon Jupp,@simonjamesjupp,East Devon
Siobhan Baillie,@Siobhan_Baillie,Stroud
Stella Creasy,@stellacreasy,Walthamstow
Stephanie Peacock,@Steph_Peacock,Barnsley East
Stephen Barclay,@SteveBarclay,North East Cambridgeshire
Stephen Crabb,@SCrabbPembs,Preseli Pembrokeshire
Stephen Doughty,@SDoughtyMP,Cardiff South and Penarth
Stephen Farry,@StephenFarryMP,North Down
Stephen Flynn,@StephenFlynnSNP,Aberdeen South
Stephen Hammond,@S_Hammond,Wimbledon
Stephen Kinnock,@SKinnock,Aberavon
Stephen McPartland,@SMcPartland,Stevenage
Stephen Metcalfe,@Metcalfe_SBET,South Basildon and East Thurrock
Stephen Morgan,@StephenMorganMP,Portsmouth South
Stephen Timms,@stephenctimms,East Ham
Steve Brine,@BrineMP,Winchester
Steve Double,@stevedouble,St Austell and Newquay
Steve McCabe,@steve_mccabe,"Birmingham, Selly Oak"
Steve Reed,@SteveReedMP,Croydon North
Steven Baker,@SteveBakerFRSA,Wycombe
Steven Bonnar,@StevenBonnarSNP,"Coatbridge, Chryston and Bellshill"
Stewart Hosie,@StewartHosieSNP,Dundee East
Stewart Malcolm McDonald,@StewartMcDonald,Glasgow South
Stuart Andrew,@StuartAndrew,Pudsey
Stuart C. McDonald,@Stuart_McDonald,"Cumbernauld, Kilsyth and Kirkintilloch East"
#Stuart Paul Anderson,@Stuart4WolvesSW,Wolverhampton South West
Suella Fernandes,@SuellaBraverman,Fareham
Suzanne Webb,@Q66Suzi,Stourbridge
Tahir Ali,@TahirAliMP,"Birmingham, Hall Green"
Taiwo Owatemi,@TaiwoOwatemi,Coventry North West
Tanmanjit Singh Dhesi,@TanDhesi,Slough
Thangam Debbonaire,@ThangamMP,Bristol West
Theo Clarke,@theodoraclarke,Stafford
Theresa May,@theresa_may,Maidenhead
Tim Farron,@timfarron,Westmorland and Lonsdale
Tim Loughton,@timloughton,East Worthing and Shoreham
Tobias Ellwood,@Tobias_Ellwood,Bournemouth East
Toby Perkins,@tobyperkinsmp,Chesterfield
Tom Hunt,@tomhunt1988,Ipswich
Tom Pursglove,@VotePursglove,Corby
Tom Randall,@Tom_Randall,Gedling
Tom Tugendhat,@TomTugendhat,Tonbridge and Malling
Tommy Sheppard,@TommySheppard,Edinburgh East
Tonia Antoniazzi,@ToniaAntoniazzi,Gower
Tony Lloyd,@tony4rochdale,Rochdale
Tracey Crouch,@tracey_crouch,Chatham and Aylesford
Tracy Brabin,@TracyBrabin,Batley and Spen
Tulip Siddiq,@TulipSiddiq,Hampstead and Kilburn
Valerie Vaz,@Valerie_VazMP,Walsall South
Vicky Ford,@vickyford,Chelmsford
Vicky Foxcroft,@vickyfoxcroft,"Lewisham, Deptford"
Victoria Prentis,@VictoriaPrentis,Banbury
Virendra Sharma,@VirendraSharma,"Ealing, Southall"
#Virginia Crosbie,@VirginiaCrosbieMP,Ynys Môn
Wayne David,@WayneDavid_MP,Caerphilly
Wendy Chamberlain,@wendychambLD,North East Fife
Wendy Morton,@morton_wendy,Aldridge-Brownhills
Wera Hobhouse,@Wera_Hobhouse,Bath
Wes Streeting,@wesstreeting,Ilford North
Will Quince,@willquince,Colchester
William Cash,@BillCashMP,Stone
William Wragg,@William_Wragg,Hazel Grove
Yasmin Qureshi,@YasminQureshiMP,Bolton South East
Yvette Cooper,@YvetteCooperMP,"Normanton, Pontefract and Castleford"
Yvonne Fovargue,@Y_FovargueMP,Makerfield
Zarah Sultana,@zarahsultana,Coventry South
Ian Paisley Jr,@PaisleyMP,North Antrim
Bob Stewart,@Bob4Beckenham,Beckenham
Graham Stringer,@gstringermp,Blackley and Broughton
Mark Logan,@Mark_Logan_MP,Bolton North East
Ian Liddell-Grainger,@IanLG_MP,Bridgwater and West Somerset
George Eustice,@MPGeorgeEustice,Camborne and Redruth 
Fiona Bruce,@UK_FoRBEnvoy,Congleton
Gareth Johnson,@GarethJohnsonMP,Dartford
Adam Holloway,@AdamHollowayMP,Gravesham
Bill Wiggin,@BillWigginMP,North Herefordshire
Julia Lopez,@JuliaLopezMP,Hornchurch and Upminister
Jeremy Quin,@JeremyMQuin,Horsham
George Howarth,@georgehowarthmp,Knowsley
Victoria Atkins,@VictoriaAtkins,Louth and Horncastle
Siobhain McDonagh,@Siobhain_Mc,Mitcham and Morden
Matthew Gordon-Banks,@mwgbanks,Ochil and South Perthshire
John Hayes,@JohnHayesRAPAMP,South Holland and the Deepings
Matt Vickers,@Matt_VickersMP,Stockton South
Dr Dan Poulter,@DrDanPoulter,Central Suffolk and North Ipswich
Claire Coutinho,@ClaireCoutinho,East Surrey
Andrew Mitchell,@AndrewMitchellMP,Sutton Coldfield
Greg Clark,@GregClarkeMP,Tunbridge Wells
Peter Bottomley,@PBottomleyMP,Worthing West
